
<?xml version="1.0" encoding="UTF-8"?>
<mxfile host="app.diagrams.net" agent="Mozilla/5.0 (Windows NT 10.0; Win64; x64) AppleWebKit/537.36 (KHTML, like Gecko) Chrome/137.0.0.0 Safari/537.36 Edg/137.0.0.0" version="27.1.5">
  <diagram name="Page-1" id="CCVC9gDDq6cfdFl38fk7">
    <mxGraphModel dx="1297" dy="780" grid="1" gridSize="10" guides="1" tooltips="1" connect="1" arrows="1" fold="1" page="1" pageScale="1" pageWidth="850" pageHeight="1100" math="0" shadow="0">
      <root>
        <mxCell id="0" />
        <mxCell id="1" parent="0" />
        <mxCell id="_apghPsR_OSPOzvuGJwP-1" value="" style="whiteSpace=wrap;html=1;aspect=fixed;" vertex="1" parent="1">
          <mxGeometry x="150" y="520" width="80" height="80" as="geometry" />
        </mxCell>
        <mxCell id="_apghPsR_OSPOzvuGJwP-5" style="edgeStyle=orthogonalEdgeStyle;rounded=0;orthogonalLoop=1;jettySize=auto;html=1;exitX=0.5;exitY=1;exitDx=0;exitDy=0;" edge="1" parent="1" source="_apghPsR_OSPOzvuGJwP-2" target="_apghPsR_OSPOzvuGJwP-6">
          <mxGeometry relative="1" as="geometry">
            <mxPoint x="190" y="740" as="targetPoint" />
          </mxGeometry>
        </mxCell>
        <mxCell id="_apghPsR_OSPOzvuGJwP-2" value="" style="rounded=0;whiteSpace=wrap;html=1;" vertex="1" parent="1">
          <mxGeometry x="390" y="670" width="120" height="60" as="geometry" />
        </mxCell>
        <mxCell id="_apghPsR_OSPOzvuGJwP-3" style="edgeStyle=orthogonalEdgeStyle;rounded=0;orthogonalLoop=1;jettySize=auto;html=1;exitX=0.5;exitY=1;exitDx=0;exitDy=0;" edge="1" parent="1" source="_apghPsR_OSPOzvuGJwP-1" target="_apghPsR_OSPOzvuGJwP-1">
          <mxGeometry relative="1" as="geometry" />
        </mxCell>
        <mxCell id="_apghPsR_OSPOzvuGJwP-4" value="" style="endArrow=classic;html=1;rounded=0;entryX=0.5;entryY=0;entryDx=0;entryDy=0;exitX=0.5;exitY=1;exitDx=0;exitDy=0;" edge="1" parent="1" source="_apghPsR_OSPOzvuGJwP-1" target="_apghPsR_OSPOzvuGJwP-2">
          <mxGeometry width="50" height="50" relative="1" as="geometry">
            <mxPoint x="450" y="860" as="sourcePoint" />
            <mxPoint x="500" y="810" as="targetPoint" />
          </mxGeometry>
        </mxCell>
        <mxCell id="_apghPsR_OSPOzvuGJwP-6" value="" style="ellipse;whiteSpace=wrap;html=1;" vertex="1" parent="1">
          <mxGeometry x="70" y="780" width="120" height="80" as="geometry" />
        </mxCell>
      </root>
    </mxGraphModel>
  </diagram>
</mxfile>