{
  "name": "yashprocesspapiewer",
  "version": "0.1.0",
  "private": true,
"scripts": {
  "dev": "next dev --turbopack",
   "build": "next build && xcopy .next\\static .next\\standalone\\.next\\static /E /I /Y && xcopy public .next\\standalone\\public /E /I /Y",
 "start": "next start",
  "lint": "next lint"
},
  "dependencies": {
    "lucide-react": "^0.518.0",
    "mxgraph": "^4.2.2",
    "mxgraph-js": "^1.0.1",
    "next": "^15.3.4",
    "react": "^19.0.0",
    "react-dom": "^19.0.0",
    "react-xml-parser": "^1.1.8"
  },
  "devDependencies": {
    "@eslint/eslintrc": "^3",
    "autoprefixer": "^10.4.21",
    "eslint": "^9",
    "eslint-config-next": "15.3.4",
    "postcss": "^8.5.6",
    "raw-loader": "^4.0.2",
    "tailwindcss": "^4.1.10"
  }
}
